INSERT INTO `banks` (`id`, `gateway_id`, `name`, `details`, `status`, `created_at`, `updated_at`, `deleted_at`)
VALUES (1, 26, 'National Bank', 'sdfdsfsdf', 1, '2025-01-27 05:34:20', '2025-01-27 05:34:20', NULL);

INSERT INTO `blogs` (`id`, `uuid`, `user_id`, `title`, `slug`, `details`, `status`, `blog_category_id`, `created_at`,
                     `updated_at`)
VALUES (1, '5d02bfb2-ef2d-4ac2-ad65-2a28111d52bd', 1, '10 Ways Zaistock Simplifies Creative Projects.',
        '10-ways-zaistock-simplifies-creative-projects',
        '<p>In the crowded space of stock media platforms, Zaistock has carved a unique niche for itself, redefining the way creators access and utilize high-quality assets. From its diverse collection to its user-friendly features, Zaistock is setting new benchmarks in the stock media world. Here’s what makes Zaistock stand out:</p><p>1. Unmatched Variety</p><p><span style=\"text-align: var(--bs-body-text-align);\">Zaistock offers an extensive library of stock photos, videos, audio files, illustrations, and icons. Whether you’re a graphic designer, a marketer, or a content creator, Zaistock ensures you’ll find the perfect asset for every project. With both free and premium options, it caters to a wide range of creative needs and budgets.</span></p><p><span style=\"text-align: var(--bs-body-text-align);\"><br></span></p>',
        1, 6, '2025-02-08 06:22:51', '2025-02-08 06:26:00'),
       (2, '12bc739a-9b35-42d7-9021-90a655e42bc7', 1, 'Why Creators Love Zaistock for Social Media Content.',
        'why-creators-love-zaistock-for-social-media-content',
        '<p>In the crowded space of stock media platforms, Zaistock has carved a unique niche for itself, redefining the way creators access and utilize high-quality assets. From its diverse collection to its user-friendly features, Zaistock is setting new benchmarks in the stock media world. Here’s what makes Zaistock stand out:</p>',
        1, 6, '2025-02-09 11:14:57', '2025-02-09 11:17:52'),
       (3, '1dba8c05-3fa5-418d-99a3-381ec95312be', 1, 'Technical Information', 'technical-information',
        '<p>dfdgdfg</p>', 1, 2, '2025-02-17 13:17:01', '2025-02-17 13:20:27');


INSERT INTO `blog_categories` (`id`, `uuid`, `name`, `slug`, `status`, `created_at`, `updated_at`)
VALUES (1, 'e78040f1-19e6-43f2-ae82-f1e413c0c8d0', 'Image', 'image', 1, '2025-02-08 06:18:17', '2025-02-08 06:18:17'),
       (2, 'c318abe0-d915-4519-ad5b-586ad28a5b52', 'Illustration', 'illustration', 1, '2025-02-08 06:18:27',
        '2025-02-08 06:18:27'),
       (3, '1ca0884c-a1b7-43c5-b41b-ae783c14cacb', 'Video', 'video', 1, '2025-02-08 06:19:12', '2025-02-08 06:19:12'),
       (4, '516d1936-7c54-488d-bc13-88bdeb26c8b0', 'Sound', 'sound', 1, '2025-02-08 06:19:18', '2025-02-08 06:19:18'),
       (5, '6d19942c-ed79-499b-a4a7-a315efe48f5b', 'Templates', 'templates', 1, '2025-02-08 06:19:26',
        '2025-02-08 06:19:26'),
       (6, '9b36a995-f0f6-41a8-9fb3-065cf23521e2', 'AI Image', 'ai-image', 1, '2025-02-08 06:19:40',
        '2025-02-08 06:19:40');
INSERT INTO `contact_us_topics` (`id`, `name`, `status`, `created_at`, `updated_at`)
VALUES (1, 'Product Information', 1, '2025-02-09 11:07:31', '2025-02-09 11:07:31'),
       (2, 'Pricing Rate', 1, '2025-02-17 13:36:48', '2025-02-17 13:36:48');

INSERT INTO `countries` (`id`, `short_name`, `country_name`, `flag`, `slug`, `phonecode`, `continent`, `created_at`,
                         `updated_at`)
VALUES (1, 'BD', 'Bangladesh', '', 'bangladesh', '+88', 'Asia', NULL, NULL),
       (2, 'USA', 'United States', '', 'united-states', '+1', 'North America', NULL, NULL),
       (3, 'UK', 'United Kingdom', '', 'united-kingdom', '+44', 'Europe', NULL, NULL),
       (4, 'qat', 'Qatar', 'qat', '', '+974', 'Asia', '2022-11-24 00:42:49', '2022-11-24 00:42:49'),
       (5, 'JP', 'Japan', 'jp', '', '+81', 'Asia', '2025-02-09 11:42:06', '2025-02-09 11:42:06');

INSERT INTO `currencies` (`id`, `currency_code`, `symbol`, `currency_placement`, `current_currency`, `created_at`,
                          `updated_at`)
VALUES (1, 'USD', '$', 'before', '1', NULL, '2025-02-06 10:49:15'),
       (2, 'BDT', '৳', 'before', '0', NULL, '2025-02-06 10:49:15'),
       (3, 'INR', '₹', 'before', '0', NULL, '2025-02-06 10:49:15'),
       (4, 'GBP', '£', 'after', '0', NULL, '2025-02-06 10:49:15'),
       (5, 'MXN', '$', 'before', '0', NULL, '2025-02-06 10:49:15'),
       (6, 'SAR', 'SR', 'before', '0', NULL, '2025-02-06 10:49:15'),
       (7, 'TRY', '₺', 'after', '0', NULL, '2025-02-06 10:49:15'),
       (8, 'ARS', '$', 'before', '0', NULL, '2025-02-06 10:49:15'),
       (9, 'EUR', '€', 'before', '0', NULL, '2025-02-06 10:49:15'),
       (10, 'ALL', 'Lek', 'before', '0', '2025-02-06 10:43:35', '2025-02-06 10:49:15'),
       (11, 'BYR', 'Br', 'after', 'no', '2025-02-11 09:13:02', '2025-02-11 09:13:02'),
       (12, 'AZN', 'm', 'before', 'no', '2025-02-17 13:10:45', '2025-02-17 13:10:45');

INSERT INTO `gateways` (`id`, `image`, `gateway_name`, `gateway_slug`, `gateway_currency`, `gateway_type`,
                        `user_proof_param`, `conversion_rate`, `url`, `key`, `secret`, `status`, `mode`,
                        `wallet_gateway_status`, `created_at`, `updated_at`)
VALUES (1, 'assets/images/gateway-icon/paypal.png', 'Paypal', 'paypal', 'USD', 2, NULL, 1.00, NULL, '', '', 1, 2, 1,
        '2025-01-28 03:18:45', '2025-01-28 05:12:13'),
       (2, 'assets/images/gateway-icon/stripe.png', 'Stripe', 'stripe', 'USD', 2, NULL, 1.00, NULL, NULL, '', 1, 2, 1,
        '2025-01-28 03:18:45', '2025-01-28 05:12:20'),
       (26, 'assets/images/gateway-icon/bank.png', 'Bank', 'bank', 'USD', NULL, NULL, 5.00, NULL, NULL, NULL, 1, 2, 1,
        '2025-01-28 03:18:45', '2025-02-12 09:16:51'),
       (27, 'assets/images/gateway-icon/cash.png', 'Cash', 'cash', NULL, NULL, NULL, 0.00, NULL, NULL, NULL, 1, 2, 0,
        '2025-01-28 03:18:45', '2025-01-28 03:18:45'),
       (28, 'assets/images/gateway-icon/wallet.png', 'Wallet', 'wallet', 'USD', 2, NULL, 1.00, NULL, NULL, NULL, 1, 2,
        NULL, '2025-01-28 03:18:45', '2025-02-10 06:02:57');

INSERT INTO `languages` (`id`, `language`, `iso_code`, `rtl`, `status`, `default_language`, `created_at`, `updated_at`)
VALUES (1, 'English', 'en', 0, 1, '1', NULL, NULL);


INSERT INTO `metas` (`id`, `page`, `page_type`, `uuid`, `url`, `page_name`, `slug`, `meta_title`, `meta_description`,
                     `meta_keyword`, `created_at`, `updated_at`)
VALUES (1, 1, 6, 'e240351b-7d68-4550-a9b5-75aedce63978', NULL, '10 Ways Zaistock Simplifies Creative Projects.', NULL,
        '10 Ways Zaistock Simplifies Creative Projects and Boosts Efficiency',
        'Discover how Zaistock can streamline your creative projects with its user-friendly tools, diverse resources, and time-saving features. Learn 10 ways it helps you work faster and more efficiently.',
        'Zaistock, creative projects, design tools, stock images, project management, efficiency, creative resources, time-saving tools, creative workflow, design inspiration',
        '2025-02-12 10:26:43', '2025-02-12 10:26:43'),
       (2, 1, 5, '89f4472a-d3e4-4582-9bea-e11304d29c3c', NULL, 'Image', NULL, 'image', 'image', 'image, png',
        '2025-02-17 13:11:28', '2025-02-17 13:11:28');

INSERT INTO `permissions` (`id`, `name`, `display_name`, `submodule_id`, `guard_name`, `created_at`, `updated_at`)
VALUES (2, 'manage_contributor', 'Manage Contributor', 0, 'admin_web', '2025-02-18 07:15:08', '2025-02-18 07:15:08'),
       (3, 'all_contributor', 'All Contributor', 2, 'admin_web', '2025-02-18 07:15:08', '2025-02-18 07:15:08'),
       (4, 'pending_contributor', 'Pending Contributor', 2, 'admin_web', '2025-02-18 07:15:08', '2025-02-18 07:15:08'),
       (5, 'approve_contributor', 'Approve Contributor', 2, 'admin_web', '2025-02-18 07:15:08', '2025-02-18 07:15:08'),
       (6, 'hold_contributor', 'Hold Contributor', 2, 'admin_web', '2025-02-18 07:15:08', '2025-02-18 07:15:08'),
       (7, 'cancel_contributor', 'Cancel Contributor', 2, 'admin_web', '2025-02-18 07:15:08', '2025-02-18 07:15:08'),
       (8, 'manage_customer', 'Manage Customer', 0, 'admin_web', '2025-02-18 07:15:08', '2025-02-18 07:15:08'),
       (9, 'all_customer', 'All Customer', 8, 'admin_web', '2025-02-18 07:15:08', '2025-02-18 07:15:08'),
       (10, 'active_customer', 'Active Customer', 8, 'admin_web', '2025-02-18 07:15:08', '2025-02-18 07:15:08'),
       (11, 'pending_customer', 'Pending Customer', 8, 'admin_web', '2025-02-18 07:15:08', '2025-02-18 07:15:08'),
       (12, 'disable_customer', 'Disable Customer', 8, 'admin_web', '2025-02-18 07:15:08', '2025-02-18 07:15:08'),
       (13, 'manage_products', 'Manage Products', 0, 'admin_web', '2025-02-18 07:15:08', '2025-02-18 07:15:08'),
       (14, 'product_setting', 'Product Setting', 13, 'admin_web', '2025-02-18 07:15:08', '2025-02-18 07:15:08'),
       (15, 'all_products', 'All Products', 13, 'admin_web', '2025-02-18 07:15:08', '2025-02-18 07:15:08'),
       (16, 'add_new_product', 'Add New Product', 13, 'admin_web', '2025-02-18 07:15:08', '2025-02-18 07:15:08'),
       (17, 'in_house_products', 'In House Products', 13, 'admin_web', '2025-02-18 07:15:08', '2025-02-18 07:15:08'),
       (18, 'contributor_products', 'Contributor Products', 13, 'admin_web', '2025-02-18 07:15:08',
        '2025-02-18 07:15:08'),
       (19, 'published_products', 'Published Products', 13, 'admin_web', '2025-02-18 07:15:08', '2025-02-18 07:15:08'),
       (20, 'pending_product', 'Pending Products', 13, 'admin_web', '2025-02-18 07:15:08', '2025-02-18 07:15:08'),
       (21, 'hold_product', 'Hold Products', 13, 'admin_web', '2025-02-18 07:15:08', '2025-02-18 07:15:08'),
       (22, 'product_type', 'Product Type', 13, 'admin_web', '2025-02-18 07:15:08', '2025-02-18 07:15:08'),
       (23, 'category', 'Products Category', 13, 'admin_web', '2025-02-18 07:15:08', '2025-02-18 07:15:08'),
       (24, 'tags', 'Products Tag', 13, 'admin_web', '2025-02-18 07:15:08', '2025-02-18 07:15:08'),
       (25, 'product_bulk_upload', 'Product Bulk Upload', 13, 'admin_web', '2025-02-18 07:15:08',
        '2025-02-18 07:15:08'),
       (26, 'product_comment', 'Product Comment', 13, 'admin_web', '2025-02-18 07:15:08', '2025-02-18 07:15:08'),
       (27, 'manage_orders', 'Manage Order', 0, 'admin_web', '2025-02-18 07:15:08', '2025-02-18 07:15:08'),
       (28, 'all_orders', 'All Orders', 27, 'admin_web', '2025-02-18 07:15:08', '2025-02-18 07:15:08'),
       (29, 'paid_orders', 'Paid Orders', 27, 'admin_web', '2025-02-18 07:15:08', '2025-02-18 07:15:08'),
       (30, 'pending_orders', 'Pending Orders', 27, 'admin_web', '2025-02-18 07:15:08', '2025-02-18 07:15:08'),
       (31, 'cancelled_orders', 'Cancelled Orders', 27, 'admin_web', '2025-02-18 07:15:08', '2025-02-18 07:15:08'),
       (32, 'bank_payment_orders', 'Bank Payment Orders', 27, 'admin_web', '2025-02-18 07:15:08',
        '2025-02-18 07:15:08'),
       (33, 'bank_payment_pending_orders', 'Bank Payment Pending Orders', 27, 'admin_web', '2025-02-18 07:15:08',
        '2025-02-18 07:15:08'),
       (34, 'manage_wallet', 'Manage Wallet', 0, 'admin_web', '2025-02-18 07:15:08', '2025-02-18 07:15:08'),
       (35, 'wallet_setting', 'Wallet Setting', 34, 'admin_web', '2025-02-18 07:15:08', '2025-02-18 07:15:08'),
       (36, 'all_wallet_list', 'All Wallet List', 34, 'admin_web', '2025-02-18 07:15:08', '2025-02-18 07:15:08'),
       (37, 'paid_wallet_list', 'Paid Wallet List', 34, 'admin_web', '2025-02-18 07:15:08', '2025-02-18 07:15:08'),
       (38, 'pending_wallet_list', 'Pending Wallet List', 34, 'admin_web', '2025-02-18 07:15:08',
        '2025-02-18 07:15:08'),
       (39, 'cancelled_wallet_list', 'Cancelled Wallet List', 34, 'admin_web', '2025-02-18 07:15:08',
        '2025-02-18 07:15:08'),
       (40, 'manage_earning', 'Manage Earning', 0, 'admin_web', '2025-02-18 07:15:08', '2025-02-18 07:15:08'),
       (41, 'download_products', 'Download Products', 40, 'admin_web', '2025-02-18 07:15:08', '2025-02-18 07:15:08'),
       (42, 'product_history', 'Product History', 40, 'admin_web', '2025-02-18 07:15:08', '2025-02-18 07:15:08'),
       (43, 'commission_setting', 'Commission Setting', 40, 'admin_web', '2025-02-18 07:15:08', '2025-02-18 07:15:08'),
       (44, 'commission_distribution', 'Commission Distribution', 40, 'admin_web', '2025-02-18 07:15:08',
        '2025-02-18 07:15:08'),
       (45, 'manage_referral', 'Manage Referral', 0, 'admin_web', '2025-02-18 07:15:08', '2025-02-18 07:15:08'),
       (46, 'referral_setting', 'Referral Setting', 45, 'admin_web', '2025-02-18 07:15:08', '2025-02-18 07:15:08'),
       (47, 'referral_history', 'Referral History', 45, 'admin_web', '2025-02-18 07:15:08', '2025-02-18 07:15:08'),
       (48, 'manage_coupon', 'Manage Coupon', 0, 'admin_web', '2025-02-18 07:15:08', '2025-02-18 07:15:08'),
       (49, 'all_coupon', 'All Coupon', 48, 'admin_web', '2025-02-18 07:15:08', '2025-02-18 07:15:08'),
       (50, 'add_coupon', 'Add Coupon', 48, 'admin_web', '2025-02-18 07:15:08', '2025-02-18 07:15:08'),
       (51, 'subscription_plan', 'Subscription Plan', 0, 'admin_web', '2025-02-18 07:15:08', '2025-02-18 07:15:08'),
       (52, 'manage_plan', 'Manage Plan', 0, 'admin_web', '2025-02-18 07:15:08', '2025-02-18 07:15:08'),
       (53, 'all_plan', 'All Plan', 52, 'admin_web', '2025-02-18 07:15:08', '2025-02-18 07:15:08'),
       (54, 'add_plan', 'Add Plan', 52, 'admin_web', '2025-02-18 07:15:08', '2025-02-18 07:15:08'),
       (55, 'manage_withdraw', 'Manage Withdraw', 0, 'admin_web', '2025-02-18 07:15:08', '2025-02-18 07:15:08'),
       (56, 'pending_withdraw', 'Pending Withdraw', 55, 'admin_web', '2025-02-18 07:15:08', '2025-02-18 07:15:08'),
       (57, 'complete_withdraw', 'Complete Withdraw', 55, 'admin_web', '2025-02-18 07:15:08', '2025-02-18 07:15:08'),
       (58, 'cancelled_withdraw', 'Cancelled Withdraw', 55, 'admin_web', '2025-02-18 07:15:08', '2025-02-18 07:15:08'),
       (59, 'configure_settings', 'Configure Settings', 0, 'admin_web', '2025-02-18 07:15:08', '2025-02-18 07:15:08'),
       (60, 'settings', 'Settings', 0, 'admin_web', '2025-02-18 07:15:08', '2025-02-18 07:15:08'),
       (62, 'reported', 'Manage Reported', 0, 'admin_web', '2025-02-18 07:15:08', '2025-02-18 07:15:08'),
       (63, 'product_reported', 'Product Reported', 62, 'admin_web', '2025-02-18 07:15:08', '2025-02-18 07:15:08'),
       (64, 'reported_category', 'Reported Category', 62, 'admin_web', '2025-02-18 07:15:08', '2025-02-18 07:15:08'),
       (65, 'frontend_settings', 'Manage Frontend Settings', 0, 'admin_web', '2025-02-18 07:15:08',
        '2025-02-18 07:15:08'),
       (70, 'admin_management', 'Admin Management', 0, 'admin_web', '2025-02-18 07:15:08', '2025-02-18 07:15:08'),
       (71, 'admin_list', 'Admin List', 70, 'admin_web', '2025-02-18 07:15:08', '2025-02-18 07:15:08'),
       (72, 'add_admin', 'Add Admin', 70, 'admin_web', '2025-02-18 07:15:08', '2025-02-18 07:15:08'),
       (73, 'add_role', 'Add Role', 70, 'admin_web', '2025-02-18 07:15:08', '2025-02-18 07:15:08'),
       (74, 'manage_blog', 'Manage Blog', 0, 'admin_web', '2025-02-18 07:15:08', '2025-02-18 07:15:08'),
       (75, 'all_blog', 'All Blog', 74, 'admin_web', '2025-02-18 07:15:08', '2025-02-18 07:15:08'),
       (76, 'add_blog', 'Add Blog', 74, 'admin_web', '2025-02-18 07:15:08', '2025-02-18 07:15:08'),
       (77, 'blog_category', 'Blog Category', 74, 'admin_web', '2025-02-18 07:15:08', '2025-02-18 07:15:08'),
       (78, 'blog_comment_list', 'Blog Comment List', 74, 'admin_web', '2025-02-18 07:15:08', '2025-02-18 07:15:08'),
       (79, 'newsletter_subscriber', 'Newsletter Subscriber', 0, 'admin_web', '2025-02-18 07:15:08',
        '2025-02-18 07:15:08'),
       (80, 'contact_us', 'Contact Us', 0, 'admin_web', '2025-02-18 07:15:08', '2025-02-18 07:15:08'),
       (81, 'all_contact_us', 'All Contact Us', 80, 'admin_web', '2025-02-18 07:15:08', '2025-02-18 07:15:08'),
       (82, 'contact_us_topic', 'Contact Us Topic', 80, 'admin_web', '2025-02-18 07:15:08', '2025-02-18 07:15:08'),
       (83, 'manage_version_update', 'Manage Version Update', 0, 'admin_web', '2025-02-18 07:15:08',
        '2025-02-18 07:15:08');

INSERT INTO `policies` (`id`, `type`, `description`, `created_at`, `updated_at`)
VALUES (1, 1,
        '<p><span style=\"white-space: pre-wrap;\"><b>OVERVIEW\r\n\r\nQuisque velit nisi, pretium ut lacinia in, elementum id enim. Mauris blandit aliquet elit, eget tincidunt nibh pulvinar a. Cras ultricies ligula sed magna dictum porta. Quisque velit nisi, pretium ut lacinia in, elementum id enim. Donec rutrum congue leo eget malesuada. Curabitur non nulla sit amet nisl tempus convallis quis ac lectus. Quisque velit nisi, pretium ut lacinia in, elementum id enim. Sed porttitor lectus nibh. sem. Cras ultricies ligula sed magna dictum porta. Pellentesque in ipsum id orci porta dapibus. Vestibulum ac diam sit amet quam vehicula elementum sed sit amet dui. Donec sollicitudin molestie malesuada.\r\n\r\nProin eget tortor risus. Curabitur non nulla sit amet nisl tempus convallis quis ac lectus. Curabitur arcu erat, accumsan id imperdiet et, porttitor at sem. Donec rutrum congue leo eget malesuada. Vestibulum ante ipsum primis in faucibus orci luctus et ultrices posuere cubilia magna dictum porta. Vestibulum ac diam sit amet quam vehicula elementum sed sit amet dui. Pellentesque in ipsum id orci porta dapibus. Donec rutrum congue leo eget malesuada. Vivamus magna justo, lacinia eget consectetur sed, convallis at tellus. Vestibulum ante ipsum volutpat. Vivamus suscipit tortor eget felis porttitor volutpat. Nulla porttitor accumsan tincidunt. Vestibulum ac diam sit amet quam vehicula elementum sed sit amet dui.\r\n\r\nCurabitur aliquet quam id dui posuere blandit. Vivamus suscipit tortor eget felis porttitor volutpat. Vestibulum ante ipsum primis in faucibus orci luctus et ultrices posuere cubilia Curae; Donec velit neque, auctor sit amet aliquam vel, ullamcorper sit amet ligula. Pellentesque in ipsum id orci porta dapibus. Lorem ipsum dolor sit amet, consectetur adipiscing elit. Donec rutrum \r\n\r\n\r\n\r\nEMBEDDED CONTENT\r\n\r\nCras ultricies ligula sed magna dictum porta. Lorem ipsum dolor sit amet, consectetur adipiscing elit. Quisque velit nisi, pretium ut lacinia in, elementum id enim. Donec sollicitudin molestie malesuada. Donec sollicitudin molestie malesuada. Lorem ipsum dolor sit amet, consectetur ac diam sit amet quam vehicula elementum sed sit amet dui. Vivamus suscipit tortor eget felis porttitor volutpat.\r\n\r\nVestibulum ac diam sit amet quam vehicula elementum sed sit amet dui. Sed porttitor lectus nibh. Quisque velit nisi, pretium ut lacinia in, elementum id enim. Lorem ipsum dolor sit amet, consectetur adipiscing elit. Curabitur non nulla sit amet nisl tempus convallis quis ac lectuseget felis porttitor volutpat. Mauris blandit aliquet elit, eget tincidunt nibh pulvinar a.\r\n\r\nPellentesque in ipsum id orci porta dapibus. Donec sollicitudin molestie malesuada. Mauris blandit aliquet elit, eget tincidunt nibh pulvinar a.eget malesuada. Nulla quis lorem ut libero malesuada feugiat. Mauris blandit aliquet elit, eget tincidunt nibh pulvinar a. Quisque velit nisi, pretium ut lacinia in, elementum id enim. Curabitur aliquet quam id dui posuere blandit.\r\n\r\n\r\n\r\nCOMPLETENESS AND TIMELINESS OF INFORMATION\r\n\r\nVivamus magna justo, lacinia eget consectetur sed, convallis at tellus. Donec rutrum congue leo eget malesuada. Quisque velit nisi, pretium ut lacinia in, elementum id enim. Quisque velit nisi, pretium ut lacinia in, elementum id enim. Proin eget tortor risus. Pellentesque in ipsum id orci porta dapibus. Donec rutrum congue leo eget malesuada. Curabitur non nulla sit amet nisl tempus convallis quis ac lectus. Cras ultricies ligula sed magna dictum porta. Curabitur aliquet quam id dui posuere blandit.\r\n\r\nVestibulum ante ipsum primis in faucibus orci luctus et ultrices posuere cubilia Curae; Donec velit neque, auctor sit amet aliquam vel, adipiscing elit. Lorem ipsum dolor sit amet, consectetur adipiscing elit. Pellentesque in ipsum id orci porta dapibus. Mauris blandit aliquet elit, eget tincidunt nibh pulvinar a. Donec sollicitudin molestie malesuada. Cras ultricies ligula sed magna dictum porta. Proin eget tortor risus. Curabitur aliquet quam id dui \r\n\r\n\r\nCurabitur aliquet quam id dui posuere blandit. Vestibulum ac diam sit amet quam vehicula elementum sed sit amet dui. Vivamus magna justo, elit. Praesent sapien massa, convallis a pellentesque nec, egestas non nisi. Vivamus magna justo, lacinia eget consectetur sed, convallis at tellus. Donec rutrum congue leo eget malesuada. Nulla quis lorem ut libero malesuada feugiat. Praesent sapien massa, convallis a pellentesque nec, \r\n\r\n\r\n\r\nGENERAL CONDITIONS\r\n\r\nLorem ipsum dolor sit amet, consectetur adipiscing elit. Quisque velit nisi, pretium ut lacinia in, elementum id enim. Vestibulum ante ipsum primis in faucibus orci luctus et ultrices posuere cubilia Curae; Donec velit neque, auctor sit amet aliquam vel, ullamcorper sit amet ligula. Praesent sapien massa, convallis a pellentesque nec, egestas non nisi. Cras ultricies ligula sed magna dictum porta. Curabitur non nulla sit amet nisl tempus convallis quis ac lectus. Curabitur aliquet quam id dui posuere blandit.\r\n\r\nVestibulum ac diam sit amet quam vehicula elementum sed sit amet dui. Vestibulum ante ipsum primis in faucibus orci luctus et ultrices posuere cubilia Curae; Donec velit neque, auctor sit amet aliquam vel, ullamcorper sit amet ligula. Curabitur aliquet quam id dui posuere blandit. Mauris blandit aliquet elit, eget tincidunt nibh pulvinar a. Nulla porttitor accumsan tincidunt. Donec sollicitudin molestie malesuada. Nulla quis lorem ut libero malesuada feugiat.\r\n\r\nCHANGES TO TERMS OF SERVICE\r\n\r\nPraesent sapien massa, convallis a pellentesque nec, egestas non nisi. Cras ultricies ligula sed magna dictum porta. Vestibulum ante ipsum primis in faucibus orci luctus et ultrices posuere cubilia Curae; Donec velit neque, auctor sit amet aliquam vel, ullamcorper sit amet ligula. Nulla porttitor accumsan tincidunt. Mauris blandit aliquet elit, eget tincidunt nibh pulvinar a. Vestibulum ante ipsum primis in faucibus orci luctus et ultrices posuere cubilia Curae; Donec velit neque, auctor sit amet aliquam vel, ullamcorper sit amet ligula. Lorem ipsum dolor sit amet, consectetur adipiscing elit. Mauris blandit aliquet elit, eget tincidunt nibh pulvinar a.\r\n\r\nCras ultricies ligula sed magna dictum porta. Pellentesque in ipsum id orci porta dapibus. Praesent sapien massa, convallis a pellentesque nec, egestas non nisi. Curabitur arcu erat, accumsan id imperdiet et, porttitor at sem. Cras ultricies ligula sed magna dictum porta. Donec rutrum congue leo eget malesuada. Curabitur non nulla sit amet nisl tempus convallis quis ac lectus. Vestibulum ante ipsum primis in faucibus orci luctus et ultrices posuere cubilia Curae; Donec velit neque, auctor sit amet aliquam vel, ullamcorper sit amet ligula.</b></span><br></p>',
        '2022-11-23 11:52:32', '2023-02-15 20:08:51'),
       (2, 2,
        '<p><span style=\"white-space: pre-wrap;\"><b>OVERVIEW\r\n\r\nQuisque velit nisi, pretium ut lacinia in, elementum id enim. Mauris blandit aliquet elit, eget tincidunt nibh pulvinar a. Cras ultricies ligula sed magna dictum porta. Quisque velit nisi, pretium ut lacinia in, elementum id enim. Donec rutrum congue leo eget malesuada. Curabitur non nulla sit amet nisl tempus convallis quis ac lectus. Quisque velit nisi, pretium ut lacinia in, elementum id enim. Sed porttitor lectus nibh. sem. Cras ultricies ligula sed magna dictum porta. Pellentesque in ipsum id orci porta dapibus. Vestibulum ac diam sit amet quam vehicula elementum sed sit amet dui. Donec sollicitudin molestie malesuada.\r\n\r\n\r\nProin eget tortor risus. Curabitur non nulla sit amet nisl tempus convallis quis ac lectus. Curabitur arcu erat, accumsan id imperdiet et, porttitor at sem. Donec rutrum congue leo eget malesuada. Vestibulum ante ipsum primis in faucibus orci luctus et ultrices posuere cubilia magna dictum porta. Vestibulum ac diam sit amet quam vehicula elementum sed sit amet dui. Pellentesque in ipsum id orci porta dapibus. Donec rutrum congue leo eget malesuada. Vivamus magna justo, lacinia eget consectetur sed, convallis at tellus. Vestibulum ante ipsum volutpat. Vivamus suscipit tortor eget felis porttitor volutpat. Nulla porttitor accumsan tincidunt. Vestibulum ac diam sit amet quam vehicula elementum sed sit amet dui.\r\n\r\nCurabitur aliquet quam id dui posuere blandit. Vivamus suscipit tortor eget felis porttitor volutpat. Vestibulum ante ipsum primis in faucibus orci luctus et ultrices posuere cubilia Curae; Donec velit neque, auctor sit amet aliquam vel, ullamcorper sit amet ligula. Pellentesque in ipsum id orci porta dapibus. Lorem ipsum dolor sit amet, consectetur adipiscing elit. Donec rutrum \r\n\r\n\r\n\r\nEMBEDDED CONTENT\r\n\r\nCras ultricies ligula sed magna dictum porta. Lorem ipsum dolor sit amet, consectetur adipiscing elit. Quisque velit nisi, pretium ut lacinia in, elementum id enim. Donec sollicitudin molestie malesuada. Donec sollicitudin molestie malesuada. Lorem ipsum dolor sit amet, consectetur ac diam sit amet quam vehicula elementum sed sit amet dui. Vivamus suscipit tortor eget felis porttitor volutpat.\r\n\r\nVestibulum ac diam sit amet quam vehicula elementum sed sit amet dui. Sed porttitor lectus nibh. Quisque velit nisi, pretium ut lacinia in, elementum id enim. Lorem ipsum dolor sit amet, consectetur adipiscing elit. Curabitur non nulla sit amet nisl tempus convallis quis ac lectuseget felis porttitor volutpat. Mauris blandit aliquet elit, eget tincidunt nibh pulvinar a.\r\n\r\nPellentesque in ipsum id orci porta dapibus. Donec sollicitudin molestie malesuada. Mauris blandit aliquet elit, eget tincidunt nibh pulvinar a.eget malesuada. Nulla quis lorem ut libero malesuada feugiat. Mauris blandit aliquet elit, eget tincidunt nibh pulvinar a. Quisque velit nisi, pretium ut lacinia in, elementum id enim. Curabitur aliquet quam id dui posuere blandit.\r\n\r\n\r\n\r\nCOMPLETENESS AND TIMELINESS OF INFORMATION\r\n\r\nVivamus magna justo, lacinia eget consectetur sed, convallis at tellus. Donec rutrum congue leo eget malesuada. Quisque velit nisi, pretium ut lacinia in, elementum id enim. Quisque velit nisi, pretium ut lacinia in, elementum id enim. Proin eget tortor risus. Pellentesque in ipsum id orci porta dapibus. Donec rutrum congue leo eget malesuada. Curabitur non nulla sit amet nisl tempus convallis quis ac lectus. Cras ultricies ligula sed magna dictum porta. Curabitur aliquet quam id dui posuere blandit.\r\n\r\nVestibulum ante ipsum primis in faucibus orci luctus et ultrices posuere cubilia Curae; Donec velit neque, auctor sit amet aliquam vel, adipiscing elit. Lorem ipsum dolor sit amet, consectetur adipiscing elit. Pellentesque in ipsum id orci porta dapibus. Mauris blandit aliquet elit, eget tincidunt nibh pulvinar a. Donec sollicitudin molestie malesuada. Cras ultricies ligula sed magna dictum porta. Proin eget tortor risus. Curabitur aliquet quam id dui \r\n\r\n\r\nCurabitur aliquet quam id dui posuere blandit. Vestibulum ac diam sit amet quam vehicula elementum sed sit amet dui. Vivamus magna justo, elit. Praesent sapien massa, convallis a pellentesque nec, egestas non nisi. Vivamus magna justo, lacinia eget consectetur sed, convallis at tellus. Donec rutrum congue leo eget malesuada. Nulla quis lorem ut libero malesuada feugiat. Praesent sapien massa, convallis a pellentesque nec, \r\n\r\n\r\n\r\nGENERAL CONDITIONS\r\n\r\nLorem ipsum dolor sit amet, consectetur adipiscing elit. Quisque velit nisi, pretium ut lacinia in, elementum id enim. Vestibulum ante ipsum primis in faucibus orci luctus et ultrices posuere cubilia Curae; Donec velit neque, auctor sit amet aliquam vel, ullamcorper sit amet ligula. Praesent sapien massa, convallis a pellentesque nec, egestas non nisi. Cras ultricies ligula sed magna dictum porta. Curabitur non nulla sit amet nisl tempus convallis quis ac lectus. Curabitur aliquet quam id dui posuere blandit.\r\n\r\nVestibulum ac diam sit amet quam vehicula elementum sed sit amet dui. Vestibulum ante ipsum primis in faucibus orci luctus et ultrices posuere cubilia Curae; Donec velit neque, auctor sit amet aliquam vel, ullamcorper sit amet ligula. Curabitur aliquet quam id dui posuere blandit. Mauris blandit aliquet elit, eget tincidunt nibh pulvinar a. Nulla porttitor accumsan tincidunt. Donec sollicitudin molestie malesuada. Nulla quis lorem ut libero malesuada feugiat.\r\n\r\n\r\n\r\nCHANGES TO TERMS OF SERVICE\r\n\r\nPraesent sapien massa, convallis a pellentesque nec, egestas non nisi. Cras ultricies ligula sed magna dictum porta. Vestibulum ante ipsum primis in faucibus orci luctus et ultrices posuere cubilia Curae; Donec velit neque, auctor sit amet aliquam vel, ullamcorper sit amet ligula. Nulla porttitor accumsan tincidunt. Mauris blandit aliquet elit, eget tincidunt nibh pulvinar a. Vestibulum ante ipsum primis in faucibus orci luctus et ultrices posuere cubilia Curae; Donec velit neque, auctor sit amet aliquam vel, ullamcorper sit amet ligula. Lorem ipsum dolor sit amet, consectetur adipiscing elit. Mauris blandit aliquet elit, eget tincidunt nibh pulvinar a.\r\n\r\nCras ultricies ligula sed magna dictum porta. Pellentesque in ipsum id orci porta dapibus. Praesent sapien massa, convallis a pellentesque nec, egestas non nisi. Curabitur arcu erat, accumsan id imperdiet et, porttitor at sem. Cras ultricies ligula sed magna dictum porta. Donec rutrum congue leo eget malesuada. Curabitur non nulla sit amet nisl tempus convallis quis ac lectus. Vestibulum ante ipsum primis in faucibus orci luctus et ultrices posuere cubilia Curae; Donec velit neque, auctor sit amet aliquam vel, ullamcorper sit amet ligula.</b></span><br></p>',
        '2022-11-23 11:52:43', '2022-11-28 14:05:16'),
       (3, 3,
        '<p><span style=\"white-space: pre-wrap;\"><b>OVERVIEW\r\n\r\nQuisque velit nisi, pretium ut lacinia in, elementum id enim. Mauris blandit aliquet elit, eget tincidunt nibh pulvinar a. Cras ultricies ligula sed magna dictum porta. Quisque velit nisi, pretium ut lacinia in, elementum id enim. Donec rutrum congue leo eget malesuada. Curabitur non nulla sit amet nisl tempus convallis quis ac lectus. Quisque velit nisi, pretium ut lacinia in, elementum id enim. Sed porttitor lectus nibh. sem. Cras ultricies ligula sed magna dictum porta. Pellentesque in ipsum id orci porta dapibus. Vestibulum ac diam sit amet quam vehicula elementum sed sit amet dui. Donec sollicitudin molestie malesuada.\r\n\r\nProin eget tortor risus. Curabitur non nulla sit amet nisl tempus convallis quis ac lectus. Curabitur arcu erat, accumsan id imperdiet et, porttitor at sem. Donec rutrum congue leo eget malesuada. Vestibulum ante ipsum primis in faucibus orci luctus et ultrices posuere cubilia magna dictum porta. Vestibulum ac diam sit amet quam vehicula elementum sed sit amet dui. Pellentesque in ipsum id orci porta dapibus. Donec rutrum congue leo eget malesuada. Vivamus magna justo, lacinia eget consectetur sed, convallis at tellus. Vestibulum ante ipsum volutpat. Vivamus suscipit tortor eget felis porttitor volutpat. Nulla porttitor accumsan tincidunt. Vestibulum ac diam sit amet quam vehicula elementum sed sit amet dui.\r\n\r\nCurabitur aliquet quam id dui posuere blandit. Vivamus suscipit tortor eget felis porttitor volutpat. Vestibulum ante ipsum primis in faucibus orci luctus et ultrices posuere cubilia Curae; Donec velit neque, auctor sit amet aliquam vel, ullamcorper sit amet ligula. Pellentesque in ipsum id orci porta dapibus. Lorem ipsum dolor sit amet, consectetur adipiscing elit. Donec rutrum \r\n\r\n\r\n\r\nEMBEDDED CONTENT\r\n\r\nCras ultricies ligula sed magna dictum porta. Lorem ipsum dolor sit amet, consectetur adipiscing elit. Quisque velit nisi, pretium ut lacinia in, elementum id enim. Donec sollicitudin molestie malesuada. Donec sollicitudin molestie malesuada. Lorem ipsum dolor sit amet, consectetur ac diam sit amet quam vehicula elementum sed sit amet dui. Vivamus suscipit tortor eget felis porttitor volutpat.\r\n\r\nVestibulum ac diam sit amet quam vehicula elementum sed sit amet dui. Sed porttitor lectus nibh. Quisque velit nisi, pretium ut lacinia in, elementum id enim. Lorem ipsum dolor sit amet, consectetur adipiscing elit. Curabitur non nulla sit amet nisl tempus convallis quis ac lectuseget felis porttitor volutpat. Mauris blandit aliquet elit, eget tincidunt nibh pulvinar a.\r\n\r\nPellentesque in ipsum id orci porta dapibus. Donec sollicitudin molestie malesuada. Mauris blandit aliquet elit, eget tincidunt nibh pulvinar a.eget malesuada. Nulla quis lorem ut libero malesuada feugiat. Mauris blandit aliquet elit, eget tincidunt nibh pulvinar a. Quisque velit nisi, pretium ut lacinia in, elementum id enim. Curabitur aliquet quam id dui posuere blandit.\r\n\r\n\r\n\r\nCOMPLETENESS AND TIMELINESS OF INFORMATION\r\n\r\nVivamus magna justo, lacinia eget consectetur sed, convallis at tellus. Donec rutrum congue leo eget malesuada. Quisque velit nisi, pretium ut lacinia in, elementum id enim. Quisque velit nisi, pretium ut lacinia in, elementum id enim. Proin eget tortor risus. Pellentesque in ipsum id orci porta dapibus. Donec rutrum congue leo eget malesuada. Curabitur non nulla sit amet nisl tempus convallis quis ac lectus. Cras ultricies ligula sed magna dictum porta. Curabitur aliquet quam id dui posuere blandit.\r\n\r\nVestibulum ante ipsum primis in faucibus orci luctus et ultrices posuere cubilia Curae; Donec velit neque, auctor sit amet aliquam vel, adipiscing elit. Lorem ipsum dolor sit amet, consectetur adipiscing elit. Pellentesque in ipsum id orci porta dapibus. Mauris blandit aliquet elit, eget tincidunt nibh pulvinar a. Donec sollicitudin molestie malesuada. Cras ultricies ligula sed magna dictum porta. Proin eget tortor risus. Curabitur aliquet quam id dui \r\n\r\n\r\nCurabitur aliquet quam id dui posuere blandit. Vestibulum ac diam sit amet quam vehicula elementum sed sit amet dui. Vivamus magna justo, elit. Praesent sapien massa, convallis a pellentesque nec, egestas non nisi. Vivamus magna justo, lacinia eget consectetur sed, convallis at tellus. Donec rutrum congue leo eget malesuada. Nulla quis lorem ut libero malesuada feugiat. Praesent sapien massa, convallis a pellentesque nec, \r\n\r\n\r\nGENERAL CONDITIONS\r\n\r\nLorem ipsum dolor sit amet, consectetur adipiscing elit. Quisque velit nisi, pretium ut lacinia in, elementum id enim. Vestibulum ante ipsum primis in faucibus orci luctus et ultrices posuere cubilia Curae; Donec velit neque, auctor sit amet aliquam vel, ullamcorper sit amet ligula. Praesent sapien massa, convallis a pellentesque nec, egestas non nisi. Cras ultricies ligula sed magna dictum porta. Curabitur non nulla sit amet nisl tempus convallis quis ac lectus. Curabitur aliquet quam id dui posuere blandit.\r\n\r\nVestibulum ac diam sit amet quam vehicula elementum sed sit amet dui. Vestibulum ante ipsum primis in faucibus orci luctus et ultrices posuere cubilia Curae; Donec velit neque, auctor sit amet aliquam vel, ullamcorper sit amet ligula. Curabitur aliquet quam id dui posuere blandit. Mauris blandit aliquet elit, eget tincidunt nibh pulvinar a. Nulla porttitor accumsan tincidunt. Donec sollicitudin molestie malesuada. Nulla quis lorem ut libero malesuada feugiat.\r\n\r\n\r\n\r\nCHANGES TO TERMS OF SERVICE\r\n\r\nPraesent sapien massa, convallis a pellentesque nec, egestas non nisi. Cras ultricies ligula sed magna dictum porta. Vestibulum ante ipsum primis in faucibus orci luctus et ultrices posuere cubilia Curae; Donec velit neque, auctor sit amet aliquam vel, ullamcorper sit amet ligula. Nulla porttitor accumsan tincidunt. Mauris blandit aliquet elit, eget tincidunt nibh pulvinar a. Vestibulum ante ipsum primis in faucibus orci luctus et ultrices posuere cubilia Curae; Donec velit neque, auctor sit amet aliquam vel, ullamcorper sit amet ligula. Lorem ipsum dolor sit amet, consectetur adipiscing elit. Mauris blandit aliquet elit, eget tincidunt nibh pulvinar a.\r\n\r\nCras ultricies ligula sed magna dictum porta. Pellentesque in ipsum id orci porta dapibus. Praesent sapien massa, convallis a pellentesque nec, egestas non nisi. Curabitur arcu erat, accumsan id imperdiet et, porttitor at sem. Cras ultricies ligula sed magna dictum porta. Donec rutrum congue leo eget malesuada. Curabitur non nulla sit amet nisl tempus convallis quis ac lectus. Vestibulum ante ipsum primis in faucibus orci luctus et ultrices posuere cubilia Curae; Donec velit neque, auctor sit amet aliquam vel, ullamcorper sit amet ligula.</b></span><br></p>',
        '2022-11-23 11:52:52', '2022-11-28 14:05:44');

INSERT INTO `product_categories` (`id`, `uuid`, `name`, `slug`, `status`, `product_type_id`, `created_at`, `updated_at`)
VALUES (1, 'e5c03a92-11fd-4cba-8412-712a8c3c917d', 'Image', 'image', 1, 1, '2025-02-08 05:51:35',
        '2025-02-08 05:51:35'),
       (2, '2bc0ff21-0969-426b-9821-ab2fe5e45d49', 'Illustration', 'illustration', 1, 2, '2025-02-08 06:15:29',
        '2025-02-08 06:15:29'),
       (3, '86fc182c-4e94-490b-99e2-29f2e240ecfa', 'Icon', 'icon', 1, 3, '2025-02-08 06:15:39', '2025-02-08 06:15:39'),
       (4, '29a14c01-ca03-41f8-98a2-6c2fba356dba', 'Social Icon', 'social-icon', 1, 3, '2025-02-08 06:15:56',
        '2025-02-08 06:15:56'),
       (5, '7b2c2bd1-e175-440a-894e-641061ca290b', 'Digital Marketing', 'digital-marketing', 1, 1,
        '2025-02-09 10:15:03', '2025-02-09 10:15:03'),
       (6, '5b8d8777-d514-4d5f-b09b-33bd299b192e', 'Art', 'art', 1, 1, '2025-02-09 10:15:32', '2025-02-09 10:15:32'),
       (7, '03040e32-b5c8-4408-9b45-399c3d8583cf', 'Nature', 'nature', 1, 1, '2025-02-09 10:16:44',
        '2025-02-09 10:16:44'),
       (8, 'ec9bad46-3cc1-4064-b88c-cf1c47481116', 'Health & Wellness', 'health-wellness', 1, 1, '2025-02-09 10:17:10',
        '2025-02-09 10:17:10'),
       (9, '85757223-59d0-405f-ba33-d52237cb8b11', 'Natural Sound', 'natural-sound', 1, 5, '2025-02-10 12:44:15',
        '2025-02-10 12:44:15'),
       (10, 'faba1d16-64f4-4723-95a9-79306fe0b7ae', 'Animation', 'animation', 1, 4, '2025-02-10 12:53:40',
        '2025-02-10 12:53:40');

INSERT INTO `product_types` (`id`, `uuid`, `name`, `product_type_category`, `status`, `created_at`, `updated_at`,
                             `slug`)
VALUES (1, 'd449965a-0bd7-4709-b968-045d91ed3e88', 'Images', 1, 1, '2025-02-08 05:51:06', '2025-02-08 05:54:16',
        'Digital-Image'),
       (2, 'bb0f0391-4d44-4f25-b82b-792463778ce2', 'Illustration', 1, 1, '2025-02-08 05:54:55', '2025-02-10 13:17:26',
        'Illustration'),
       (3, '80c0075d-ba80-409b-b15e-8f8b48903ad1', 'Icon', 1, 1, '2025-02-08 05:55:32', '2025-02-08 05:55:32', 'Icon'),
       (4, '779e52cb-fad0-4c33-98d9-9f46a3369605', 'Video', 2, 1, '2025-02-08 05:55:55', '2025-02-08 05:55:55',
        'Video'),
       (5, '3e51085c-6107-4fd9-99e2-1b9113ef5807', 'Sound', 3, 1, '2025-02-08 05:57:41', '2025-02-08 05:57:41',
        'Sound');

INSERT INTO `product_type_extensions` (`id`, `product_type_category`, `name`, `title`, `thumbnail_required`,
                                       `maskingable`, `status`, `created_at`, `updated_at`)
VALUES (1, 1, 'jpeg', 'JPEG', 0, 1, 1, '2023-02-15 14:16:27', '2023-02-15 14:16:27'),
       (2, 1, 'jpg', 'JPG', 0, 1, 1, '2023-02-15 14:16:27', '2023-02-15 14:16:27'),
       (3, 1, 'png', 'PNG', 0, 1, 1, '2023-02-15 14:16:27', '2023-02-15 14:16:27'),
       (4, 1, 'gif', 'GIF', 0, 1, 1, '2023-02-15 14:16:27', '2023-02-15 14:16:27'),
       (5, 1, 'tif', 'TIF', 0, 1, 1, '2023-02-15 14:16:27', '2023-02-15 14:16:27'),
       (6, 1, 'bmp', 'BMP', 0, 1, 1, '2023-02-15 14:16:27', '2023-02-15 14:16:27'),
       (7, 1, 'ico', 'ICO', 0, 1, 1, '2023-02-15 14:16:27', '2023-02-15 14:16:27'),
       (8, 1, 'psd', 'PSD', 0, 1, 1, '2023-02-15 14:16:27', '2023-02-15 14:16:27'),
       (9, 1, 'webp', 'WEBP', 0, 1, 1, '2023-02-15 14:16:27', '2023-02-15 14:16:27'),
       (10, 1, 'ai', 'AI', 1, 0, 1, '2023-02-15 14:16:27', '2023-02-15 14:16:27'),
       (11, 1, 'eps', 'EPS', 1, 0, 1, '2023-02-15 14:16:27', '2023-02-15 14:16:27'),
       (12, 1, 'svg', 'SVG', 1, 0, 1, '2023-02-15 14:16:27', '2023-02-15 14:16:27'),
       (13, 1, 'cdr', 'CDR', 1, 0, 1, '2023-02-15 14:16:27', '2023-02-15 14:16:27'),
       (14, 1, 'indd', 'INDD', 1, 0, 1, '2023-02-15 14:16:27', '2023-02-15 14:16:27'),
       (15, 1, 'raw', 'RAW', 1, 0, 1, '2023-02-15 14:16:27', '2023-02-15 14:16:27'),
       (16, 1, 'zip', 'ZIP', 1, 0, 1, '2023-02-15 14:16:27', '2023-02-15 14:16:27'),
       (17, 1, 'other', 'Others', 1, 0, 1, '2023-02-15 14:16:27', '2023-02-15 14:16:27'),
       (18, 3, 'm4a', 'M4A', 1, 0, 1, '2023-02-15 14:16:27', '2023-02-15 14:16:27'),
       (19, 3, 'mp3', 'MP3', 1, 0, 1, '2023-02-15 14:16:27', '2023-02-15 14:16:27'),
       (20, 3, 'wav', 'WAV', 1, 0, 1, '2023-02-15 14:16:27', '2023-02-15 14:16:27'),
       (22, 2, 'mp4', 'MP4', 1, 0, 1, '2023-02-15 14:16:27', '2023-02-15 14:16:27'),
       (23, 2, 'avi', 'AVI', 1, 0, 1, '2023-02-15 14:16:27', '2023-02-15 14:16:27'),
       (24, 2, 'mov', 'MOV', 1, 0, 1, '2023-02-15 14:16:27', '2023-02-15 14:16:27'),
       (25, 2, 'flv', 'FLV', 1, 0, 1, '2023-02-15 14:16:27', '2023-02-15 14:16:27'),
       (26, 2, 'avchd', 'AVCHD', 1, 0, 1, '2023-02-15 14:16:27', '2023-02-15 14:16:27'),
       (27, 2, 'zip', 'ZIP', 1, 0, 1, '2023-02-15 14:16:27', '2023-02-15 14:16:27'),
       (28, 2, 'other', 'Others', 1, 0, 1, '2023-02-15 14:16:27', '2023-02-15 14:16:27'),
       (29, 4, 'pdf', 'PDF', 1, 0, 1, '2023-02-15 14:16:27', '2023-02-15 14:16:27'),
       (30, 4, 'doc', 'DOC', 1, 0, 1, '2023-02-15 14:16:27', '2023-02-15 14:16:27'),
       (31, 4, 'docx', 'DOCX', 1, 0, 1, '2023-02-15 14:16:27', '2023-02-15 14:16:27'),
       (32, 4, 'pdf', 'PDF', 1, 0, 1, '2023-02-15 14:16:27', '2023-02-15 14:16:27'),
       (33, 4, 'html', 'HTML', 1, 0, 1, '2023-02-15 14:16:27', '2023-02-15 14:16:27'),
       (35, 4, 'xls', 'XLS', 1, 0, 1, '2023-02-15 14:16:27', '2023-02-15 14:16:27'),
       (36, 4, 'xlsx', 'XLSX', 1, 0, 1, '2023-02-15 14:16:27', '2023-02-15 14:16:27'),
       (37, 4, 'txt', 'TXT', 1, 0, 1, '2023-02-15 14:16:27', '2023-02-15 14:16:27'),
       (38, 4, 'ppt', 'PPT', 1, 0, 1, '2023-02-15 14:16:27', '2023-02-15 14:16:27'),
       (39, 4, 'pptx', 'PPTX', 1, 0, 1, '2023-02-15 14:16:27', '2023-02-15 14:16:27'),
       (40, 4, 'odp', 'ODP', 1, 0, 1, '2023-02-15 14:16:27', '2023-02-15 14:16:27'),
       (41, 4, 'key', 'KEY', 1, 0, 1, '2023-02-15 14:16:27', '2023-02-15 14:16:27'),
       (42, 4, 'zip', 'ZIP', 1, 0, 1, '2023-02-15 14:16:27', '2023-02-15 14:16:27'),
       (43, 5, 'other', 'Others', 1, 0, 1, '2023-02-15 14:16:27', '2023-02-15 14:16:27');


INSERT INTO `product_type_product_type_extension` (`product_type_id`, `product_type_extension_id`)
VALUES (1, 1),
       (1, 2),
       (1, 3),
       (3, 1),
       (3, 4),
       (3, 5),
       (3, 12),
       (4, 22),
       (4, 23),
       (5, 18),
       (5, 19),
       (5, 20),
       (4, 24),
       (2, 2),
       (2, 3),
       (3, 3);


INSERT INTO `settings` (`id`, `option_key`, `option_value`, `type`, `created_at`, `updated_at`)
VALUES (1, 'banner_title', 'Unleash Creativity with  Free & Premium Stock Assets!', 1, '2022-11-14 16:30:17',
        '2025-02-06 12:58:30'),
       (2, 'featured_gallery_title', 'Zaistock Exclusive', 1, '2022-11-14 16:30:17', '2022-11-14 16:30:17'),
       (3, 'featured_gallery_subtitle', 'Featured Gallery', 1, '2022-11-14 16:30:17', '2022-11-14 16:30:17'),
       (4, 'most_download_title', 'Zaistock Contest', 1, '2022-11-14 16:30:17', '2022-11-14 16:30:17'),
       (5, 'most_download_subtitle', 'Todays Most Downloading Items', 1, '2022-11-14 16:30:17', '2022-11-14 16:30:17'),
       (6, 'most_favourite_title', 'Top Favourite Items', 1, '2022-11-14 16:30:17', '2022-11-14 16:30:17'),
       (7, 'most_favourite_subtitle', 'Todays Most Favourite Items', 1, '2022-11-14 16:30:17', '2022-11-14 16:30:17'),
       (8, 'newsletter_title', 'Subscribe Newsletter', 1, '2022-11-14 16:30:17', '2022-11-14 16:30:17'),
       (9, 'newsletter_subtitle',
        'labore atque expedita error sit enim officiis adipi similique esse hic inventore vel quam, ducimus optio sam exercitationem tempora',
        1, '2022-11-14 16:30:17', '2022-11-14 16:30:17'),
       (11, 'app_name', 'Zaistock - Free and Premium Stock (Photos, illustration, Video, Audio, icon) Script', 1,
        '2022-11-14 16:31:53', '2022-11-23 06:19:30'),
       (12, 'app_email', 'info@zaistock.com', 1, '2022-11-14 16:31:53', '2022-11-23 06:27:23'),
       (13, 'app_contact_number', '328-456-07875', 1, '2022-11-14 16:31:53', '2022-11-23 06:45:20'),
       (14, 'app_location', 'Khulna, Bangladesh', 1, '2022-11-14 16:31:53', '2022-11-14 16:31:53'),
       (15, 'app_copyright', 'Copyright © 2022-2023 Zaistock | Zainiktheme All Right Reserved.', 1,
        '2022-11-14 16:31:53', '2022-12-07 08:02:47'),
       (16, 'app_developed', 'zainikthemes', 1, '2022-11-14 16:31:53', '2022-11-24 07:48:26'),
       (17, 'currency_id', '1', 1, '2022-11-14 16:31:53', '2022-11-14 16:31:53'),
       (18, 'language_id', '4', 1, '2022-11-14 16:31:53', '2023-02-17 13:12:25'),
       (19, 'sign_up_left_text_title', 'Welcome to Zaistock!', 1, '2022-11-14 16:31:53', '2022-11-21 12:48:19'),
       (20, 'sign_up_left_text_subtitle', 'Add a few clicks and move the world', 1, '2022-11-14 16:31:53',
        '2022-11-21 12:48:19'),
       (21, 'forgot_title', 'Forgot Password?hhbnmb', 1, '2022-11-14 16:31:53', '2025-02-09 13:01:35'),
       (22, 'forgot_subtitle', 'Add a few clicks and move the world', 1, '2022-11-14 16:31:53', '2022-11-23 06:03:49'),
       (23, 'forgot_btn_name', 'Send Reset Instructions', 1, '2022-11-14 16:31:53', '2022-11-14 16:31:53'),
       (24, 'facebook_url', NULL, 1, '2022-11-14 16:31:53', '2022-11-14 16:31:53'),
       (25, 'instagram_url', NULL, 1, '2022-11-14 16:31:53', '2022-11-14 16:31:53'),
       (26, 'linkedin_url', NULL, 1, '2022-11-14 16:31:53', '2022-11-14 16:31:53'),
       (27, 'twitter_url', NULL, 1, '2022-11-14 16:31:53', '2022-11-14 16:31:53'),
       (28, 'app_logo', '1', 2, '2022-11-14 16:31:53', '2025-02-17 10:52:49'),
       (29, 'app_color_design_type', '1', 1, '2022-11-15 06:16:50', '2023-02-16 06:04:48'),
       (30, 'app_primary_color', '#0f61e6', 1, '2022-11-15 06:16:50', '2023-02-16 05:25:01'),
       (31, 'app_secondary_color', '#111111', 1, '2022-11-15 06:16:50', '2022-11-15 06:16:50'),
       (32, 'app_text_color', '#1c1c1c', 1, '2022-11-15 06:16:50', '2022-11-15 06:17:49'),
       (33, 'app_section_bg_color', '#fffaf7', 1, '2022-11-15 06:16:50', '2022-11-15 06:16:50'),
       (34, 'app_hero_bg_color1', '#115bee', 1, '2022-11-15 06:16:50', '2023-02-16 05:25:01'),
       (35, 'app_hero_bg_color2', '#11abdf', 1, '2022-11-15 06:16:50', '2023-02-16 05:25:01'),
       (36, 'app_hero_bg_color', 'radial-gradient(circle, #115bee 10%, #11abdf 100%)', 1, '2022-11-15 06:16:50',
        '2023-02-16 05:25:01'),
       (39, 'product_price_min_limit', '5', 1, '2022-11-20 14:51:00', '2025-02-06 09:52:07'),
       (40, 'product_price_max_limit', '50', 1, '2022-11-20 14:51:00', '2025-02-06 09:52:07'),
       (41, 'why_us_title', 'Why Choose Us?', 1, '2022-11-20 15:00:34', '2025-02-06 13:12:27'),
       (42, 'why_us_subtitle', 'Experience unmatched quality, variety, and creativity all in one platform.', 1,
        '2022-11-20 15:00:34', '2025-02-06 13:12:27'),
       (44, 'testimonial_title', 'People’s Observation', 1, '2022-11-20 15:01:48', '2025-02-06 14:15:03'),
       (45, 'testimonial_subtitle', 'See what creators love about Zaistock through their own words.', 1,
        '2022-11-20 15:01:48', '2025-02-06 14:15:03'),
       (46, 'blog_title', 'Creative Blog', 1, '2022-11-20 15:03:07', '2022-11-20 15:03:07'),
       (47, 'blog_subtitle', 'Our Latest Posts', 1, '2022-11-20 15:03:07', '2022-11-20 15:03:07'),
       (48, 'admin_product_commission', '20', 1, '2022-11-20 15:21:02', '2022-11-20 15:21:02'),
       (55, 'contributor_first_portion_title', 'Get Paid Properly by Cooperative Community', 1, '2022-11-20 23:18:35',
        '2022-11-20 23:18:35'),
       (56, 'contributor_first_portion_subtitle',
        'As the original stock content site created by creatives for creatives, we get you. You need unique images and videos that connect with your audienc',
        1, '2022-11-20 23:18:35', '2022-11-20 23:18:35'),
       (57, 'contributor_second_portion_icon_title', 'Get paid Properly', 1, '2022-11-20 23:18:35',
        '2022-11-20 23:18:35'),
       (58, 'contributor_second_portion_first_para_title', 'Loyality', 1, '2022-11-20 23:18:35', '2022-11-20 23:18:35'),
       (59, 'contributor_second_portion_first_para_subtitle',
        'Meridian sun strikes the upper surface of the impenetrable foliage of my trees, and but a few stray gleams steal into the inner meridian sun strikes the upper surface of the impenetrable foliage of my trees, and but a few stray gleams steal into the inne',
        1, '2022-11-20 23:18:35', '2022-11-20 23:18:35'),
       (60, 'contributor_second_portion_second_para_title', 'Fair pay', 1, '2022-11-20 23:18:35',
        '2022-11-20 23:18:35'),
       (61, 'contributor_second_portion_second_para_subtitle',
        'Meridian sun strikes the upper surface of the impenetrable foliage of my trees, and but a few stray gleams steal into the inner meridian sun strikes the upper surface of the impenetrable foliage of my trees, and but a few stray gleams steal into the inner',
        1, '2022-11-20 23:18:35', '2022-11-20 23:18:35'),
       (62, 'contributor_third_portion_title', 'Cooperative & Skillfull Coummunity.', 1, '2022-11-20 23:18:35',
        '2022-11-20 23:18:35'),
       (63, 'contributor_third_portion_subtitle',
        'As a zaistock Contributor, you always have agency and a voice within the business. Get involved through resolutions, voting, and annual general meetings.',
        1, '2022-11-20 23:18:35', '2022-11-20 23:18:36'),
       (64, 'contributor_fourth_portion_title', 'Dedicated Support & Ditermination.', 1, '2022-11-20 23:18:36',
        '2022-11-20 23:18:36'),
       (65, 'contributor_fourth_portion_subtitle',
        'As a zaistock Contributor, you always have agency and a voice within the business. Get involved through resolutions, voting, and annual general meetings.',
        1, '2022-11-20 23:18:36', '2022-11-20 23:18:36'),
       (70, 'app_frontend_url', 'https://zaistock-react.zainikthemes.com/', 1, '2022-11-22 06:51:11',
        '2022-11-23 23:23:40'),
       (72, 'team_member_title', 'Team Members', 1, '2022-11-23 04:37:34', '2025-02-06 13:17:25'),
       (73, 'team_member_subtitle', 'Experience unmatched quality, variety, and creativity all in one platform.', 1,
        '2022-11-23 04:37:34', '2025-02-06 13:17:25'),
       (74, 'gallery_area_title', 'Authentic stock Items and footage with no filler', 1, '2022-11-23 04:55:34',
        '2022-11-23 04:56:57'),
       (75, 'gallery_area_footer',
        'Zaistock is an art-forward, royalty-free stock photo + video agency that makes discovering unique, beautifully authentic imagery effortless. Founded as a cooperative, everything we do is a bold celebration of art.',
        1, '2022-11-23 04:55:34', '2022-11-23 04:55:34'),
       (81, 'contact_us_location', '32 Yaool, myself down around dupal the street, London', 1, '2022-11-23 05:45:48',
        '2022-11-23 05:45:48'),
       (82, 'contact_us_first_email', 'mail@zaistock.co.uk', 1, '2022-11-23 05:45:48', '2022-11-23 05:45:48'),
       (83, 'contact_us_second_email', 'info@zaistockzaiinner.co.uk', 1, '2022-11-23 05:45:48', '2022-11-23 05:45:48'),
       (84, 'contact_us_first_contact_number', '328-456-07875', 1, '2022-11-23 05:45:48', '2022-11-23 05:45:48'),
       (85, 'contact_us_second_contact_number', '128-456-07875', 1, '2022-11-23 05:45:48', '2022-11-23 05:45:48'),
       (86, 'contact_us_description',
        'Strikes the upper surface of the impenetrable foliage of my trees, and but a few stray gleams steal about the human',
        1, '2022-11-23 05:45:48', '2022-11-23 05:45:48'),
       (87, 'google_login_status', '0', 1, '2022-11-23 05:57:27', '2025-02-13 13:34:31'),
       (90, 'facebook_login_status', '0', 1, '2022-11-23 05:57:27', '2022-11-23 05:57:27'),
       (91, 'facebook_client_id', 'test', 1, '2022-11-23 05:57:27', '2022-11-23 05:57:27'),
       (92, 'facebook_client_secret', 'test', 1, '2022-11-23 05:57:27', '2022-11-23 05:57:27'),
       (93, 'google_recaptcha_status', '0', 1, '2022-11-24 00:39:47', '2022-11-24 00:39:47'),
       (94, 'google_recaptcha_site_key', NULL, 1, '2022-11-24 00:39:47', '2022-11-24 00:39:47'),
       (95, 'google_recaptcha_secret_key', NULL, 1, '2022-11-24 00:39:47', '2022-11-24 00:39:47'),
       (96, 'app_mail_status', '0', 1, '2022-11-24 00:39:59', '2025-02-17 10:50:30'),
       (97, 'min_wallet_amount', '1', 1, '2022-11-24 07:44:02', '2025-02-06 11:12:24'),
       (98, 'max_wallet_amount', '100', 1, '2022-11-24 07:44:02', '2022-11-24 07:44:02'),
       (99, 'app_preloader_status', '1', 1, '2022-11-28 14:19:13', '2025-02-17 07:46:03'),
       (100, 'build_version', '1', 1, '2022-11-28 14:19:13', '2025-01-21 03:44:13'),
       (101, 'current_version', '1.0', 1, '2022-11-28 14:19:13', '2025-01-21 03:44:13'),
       (102, 'product_use_option',
        '[{\"id\":1,\"name\":\"Free for commercial use\"},{\"id\":2,\"name\":\"Free for personal use\"},{\"id\":3,\"name\":\"Editor use only\"},{\"id\":4,\"name\":\"Use only on websites\"}]',
        1, '2023-02-15 08:16:27', '2023-02-15 08:16:27'),
       (107, 'application_information_section', '1', 1, '2023-02-15 10:11:06', '2023-02-16 10:37:18'),
       (108, 'why_us_section', '1', 1, '2023-02-15 10:11:06', '2023-02-18 22:32:31'),
       (109, 'testimonial_section', '1', 1, '2023-02-15 10:11:06', '2023-02-18 22:32:31'),
       (110, 'blog_section', '1', 1, '2023-02-15 10:11:06', '2023-02-18 22:32:31'),
       (111, 'asset_license', 'z', 1, '2023-02-15 10:16:10', '2023-02-15 10:16:10'),
       (113, 'free_download_limit', '1', 1, '2023-02-15 10:16:10', '2025-02-12 10:41:49'),
       (114, 'free_download_per_day', '3', 1, '2023-02-15 10:16:10', '2025-02-16 06:17:07'),
       (115, 'watermark_status', '0', 1, '2023-02-15 10:16:10', '2025-02-08 09:52:00'),
       (116, 'comment_status', '0', 1, '2023-02-15 10:16:10', '2025-02-12 10:37:57'),
       (117, 'all_product_show', '1', 1, '2023-02-15 10:16:10', '2023-02-15 10:16:10'),
       (118, 'registration_approval', '0', 1, '2023-02-15 10:16:10', '2025-02-12 10:45:15'),
       (119, 'pinterest_url', NULL, 1, '2023-02-15 10:16:10', '2023-02-15 10:16:10'),
       (120, 'tiktok_url', 'https://www.lipsum.com/', 1, '2023-02-15 10:16:10', '2025-02-12 10:18:42'),
       (122, 'STORAGE_DRIVER', 'public', 1, '2025-01-26 07:23:46', '2025-01-26 07:23:46'),
       (123, 'editor_choice_title', 'Editor’s Choice', 1, '2025-02-03 07:15:09', '2025-02-06 12:51:42'),
       (124, 'editor_choice_description', 'Handpicked premium assets, curated to inspire your next project.', 1,
        '2025-02-03 07:15:09', '2025-02-06 12:51:42'),
       (125, 'trending_collection_title', 'Trending Collections This Week', 1, '2025-02-03 07:15:09',
        '2025-02-06 12:51:42'),
       (126, 'trending_collection_description', 'Discover the most popular images captivating creators this week.', 1,
        '2025-02-03 07:15:09', '2025-02-06 12:51:42'),
       (127, 'latest_collections_title', 'Latest Collections', 1, '2025-02-03 07:15:09', '2025-02-06 12:51:42'),
       (128, 'latest_collections_description', 'Freshly added images to keep your designs ahead of the curve.', 1,
        '2025-02-03 07:15:09', '2025-02-06 12:51:42'),
       (129, 'contributor_title', 'Empower Creators Worldwide, Join  Zaistock as a Contributor.', 1,
        '2025-02-03 07:15:09', '2025-02-06 13:20:31'),
       (130, 'contributor_description',
        'Turn your talent into income by sharing your work with millions of creators globally.', 1,
        '2025-02-03 07:15:09', '2025-02-06 13:20:31'),
       (131, 'banner_section', '1', 1, '2025-02-03 07:15:09', '2025-02-03 07:15:09'),
       (132, 'product_type_section', '1', 1, '2025-02-03 07:15:10', '2025-02-09 11:44:34'),
       (133, 'editor_choice_section', '1', 1, '2025-02-03 07:15:10', '2025-02-03 07:15:10'),
       (134, 'trending_collections_section', '1', 1, '2025-02-03 07:15:10', '2025-02-03 07:15:10'),
       (135, 'latest_collections_section', '1', 1, '2025-02-03 07:15:10', '2025-02-03 07:15:10'),
       (136, 'contributor_section', '1', 1, '2025-02-03 07:15:10', '2025-02-03 07:15:10'),
       (137, 'contributor_first_portion_icon_title', 'Get Paid Properly by Cooperative Community.', 1,
        '2025-02-06 06:09:09', '2025-02-06 06:09:09'),
       (138, 'contributor_first_portion_first_para_title', 'Earn Revenue', 1, '2025-02-06 06:09:09',
        '2025-02-06 06:09:09'),
       (139, 'contributor_first_portion_first_para_subtitle',
        'Monetize your creativity by earning a commission every time your work is downloaded.', 1,
        '2025-02-06 06:09:09', '2025-02-06 06:09:09'),
       (140, 'contributor_first_portion_second_para_title', 'Earn Revenue', 1, '2025-02-06 06:09:09',
        '2025-02-06 06:09:09'),
       (141, 'contributor_first_portion_second_para_subtitle',
        'Monetize your creativity by earning a commission every time your work is downloaded.', 1,
        '2025-02-06 06:09:09', '2025-02-06 06:09:09'),
       (142, 'contributor_second_portion_title', 'Earn Revenue', 1, '2025-02-06 06:09:09', '2025-02-06 06:09:09'),
       (143, 'contributor_second_portion_subtitle',
        'Monetize your creativity by earning a commission every time your work is downloaded.', 1,
        '2025-02-06 06:09:09', '2025-02-06 06:09:09'),
       (145, 'app_logo_white', '2', 1, '2025-02-06 06:22:30', '2025-02-17 10:52:49'),
       (146, 'product_title_in_details_page', '1', 1, '2025-02-06 09:52:07', '2025-02-06 09:52:07'),
       (147, 'product_description_in_details_page', '1', 1, '2025-02-06 09:52:07', '2025-02-06 09:52:07'),
       (148, 'plan_title', 'Affordable Plans,  Infinite Creativity.', 1, '2025-02-06 09:56:44', '2025-02-06 09:56:44'),
       (149, 'plan_subtitle',
        'In the crowded space of stock media platforms, Zaistock has carved a unique niche for itself, redefining the way creators access and utilize high-quality assets. From its diverse collection to its user-friendly features',
        1, '2025-02-06 09:56:44', '2025-02-06 09:56:44'),
       (150, 'google_adsense_enable', '0', 1, '2025-02-08 13:25:22', '2025-02-11 12:44:24'),
       (151, 'google_adsense_client_id', 'ca-pub-6454502108993176', 1, '2025-02-08 13:25:22', '2025-02-08 13:25:22'),
       (152, 'show_language_switcher', '1', 1, '2025-02-09 05:39:53', '2025-02-13 13:36:22'),
       (153, 'top_area_title', 'Discover the  Zaistock Difference.', 1, '2025-02-09 11:57:21', '2025-02-09 11:57:21'),
       (154, 'top_area_subtitle',
        'In the crowded space of stock media platforms, Zaistock has carved a unique niche for itself, redefining the way creators access and utilize high-quality assets. From its diverse collection to its user-friendly features, Zaistock is setting new benchmarks.',
        1, '2025-02-09 11:57:21', '2025-02-09 11:57:21'),
       (155, 'about_us_description',
        'Zaistock is where creativity meets opportunity, empowering creators with unparalleled access to premium-quality assets for every vision and project.',
        1, '2025-02-09 11:57:21', '2025-02-09 11:57:21'),
       (156, 'about_us_point1_title', 'Unlimited Creative Potential', 1, '2025-02-09 11:57:21', '2025-02-09 11:57:21'),
       (157, 'about_us_point1_description',
        'Gain Access to Thousands of Premium-Quality Assets, Providing You with the Tools and Inspiration Needed to Bring Your Ideas to Life and Elevate Every Project You Work On.',
        1, '2025-02-09 11:57:21', '2025-02-09 11:57:22'),
       (158, 'about_us_point2_title', 'Empowering Your Projects', 1, '2025-02-09 11:57:22', '2025-02-09 11:57:22'),
       (159, 'about_us_point2_description',
        'Fuel Your Creativity with an Extensive Collection of High-Quality Resources Designed to Bring Every Vision to Life, No Matter the Project or Style.',
        1, '2025-02-09 11:57:22', '2025-02-09 11:57:22'),
       (160, 'trusted_section_title', 'Trusted by the industry', 1, '2025-02-09 11:57:22', '2025-02-09 11:57:22'),
       (161, 'about_us_total_assets', '9.2M+', 1, '2025-02-09 11:57:22', '2025-02-09 11:57:22'),
       (162, 'about_us_downloads', '8.2M+', 1, '2025-02-09 11:57:22', '2025-02-09 11:57:22'),
       (163, 'about_us_creators', '35+', 1, '2025-02-09 11:57:22', '2025-02-09 11:57:22'),
       (164, 'about_us_countries', '100+', 1, '2025-02-09 11:57:22', '2025-02-09 11:57:22'),
       (166, 'MAIL_MAILER', 'smtp', 1, '2025-02-11 06:55:35', '2025-02-11 06:55:35'),
       (167, 'MAIL_HOST', 'sandbox.smtp.mailtrap.io', 1, '2025-02-11 06:55:35', '2025-02-11 06:55:35'),
       (168, 'MAIL_PORT', '2525', 1, '2025-02-11 06:55:35', '2025-02-11 06:55:35'),
       (169, 'MAIL_USERNAME', '', 1, '2025-02-11 06:55:35', '2025-02-11 06:55:35'),
       (170, 'MAIL_PASSWORD', '', 1, '2025-02-11 06:55:35', '2025-02-11 06:55:35'),
       (171, 'MAIL_ENCRYPTION', 'tls', 1, '2025-02-11 06:55:35', '2025-02-11 06:55:35'),
       (172, 'MAIL_FROM_ADDRESS', 'hello@example.com', 1, '2025-02-11 06:55:35', '2025-02-11 06:55:35'),
       (173, 'MAIL_FROM_NAME', 'Laravel', 1, '2025-02-11 06:55:35', '2025-02-11 06:55:35'),
       (174, 'maintenance_mode', '2', 1, '2025-02-11 13:22:54', '2025-02-12 07:55:04'),
       (175, 'maintenance_secret_key', NULL, 1, '2025-02-11 13:22:54', '2025-02-12 07:55:04'),
       (176, 'app_footer_text', NULL, 1, '2025-02-12 10:18:42', '2025-02-12 10:18:42'),
       (177, 'develop_by', 'ZainikLab', 1, '2025-02-12 10:18:42', '2025-02-13 10:08:17'),
       (178, 'app_timezone', 'Africa/Abidjan', 1, '2025-02-12 10:18:42', '2025-02-12 10:18:42'),
       (179, 'develop_by_link', 'https://zainiklab.com/', 1, '2025-02-12 10:18:42',
        '2025-02-13 10:08:22'),
       (180, 'assets_type_title', 'Assets By Category', 1, '2025-02-13 09:22:36', '2025-02-13 09:27:55'),
       (181, 'assets_type_status', '1', 1, '2025-02-13 09:22:36', '2025-02-13 09:22:36'),
       (182, 'banner_image', '3', 1, '2025-02-13 09:22:36', '2025-02-13 09:22:36'),
       (183, 'footer_news_letter_title', 'Subscribe Newsletter', 1, '2025-02-13 10:08:17', '2025-02-13 10:08:17'),
       (184, 'footer_news_letter_description',
        'Stay updated with the latest trends and exclusive offers—subscribe now!', 1, '2025-02-13 10:08:17',
        '2025-02-13 10:08:17'),
       (185, 'email_verification_status', '0', 1, '2025-02-13 12:49:02', '2025-02-13 12:50:41'),
       (186, 'cookie_consent_text', 'Accept Cookie', 1, '2025-02-13 12:54:15', '2025-02-13 12:54:15'),
       (187, 'cookie_status', '0', 1, '2025-02-13 12:54:20', '2025-02-13 14:02:39'),
       (188, 'google_analytics_status', '1', 1, '2025-02-13 12:57:58', '2025-02-13 12:57:58');

INSERT INTO `sources` (`id`, `name`, `status`, `created_at`, `updated_at`)
VALUES (1, 'Facebook', 1, '2022-11-14 16:30:17', NULL),
       (2, 'Google', 1, '2022-11-14 16:30:17', NULL),
       (3, 'Online', 1, '2022-11-14 16:30:17', NULL),
       (4, 'Other', 1, '2022-11-14 16:30:17', NULL);

INSERT INTO `team_members` (`id`, `name`, `designation`, `created_at`, `updated_at`)
VALUES (2, 'Sarah Jane', 'Founder', '2025-02-09 12:27:42', '2025-02-09 12:34:00'),
       (3, 'jon Devid', 'CEO', '2025-02-09 12:28:26', '2025-02-09 12:34:00');

INSERT INTO `testimonials` (`id`, `name`, `designation`, `quote`, `rating`, `created_at`, `updated_at`)
VALUES (1, 'Alex Anderson', 'Businessman', '\"Amazing variety and time-saving collections!\"', 5, '2025-02-06 14:15:03',
        '2025-02-11 10:14:56'),
       (2, 'Alex Anderson', 'Businessman', '\"Amazing variety and time-saving collections!\"', 4, '2025-02-09 11:48:48',
        '2025-02-11 10:14:56'),
       (3, 'Alex Anderson', 'Businessman', '\"Amazing variety and time-saving collections!\"', 5, '2025-02-09 11:48:48',
        '2025-02-11 10:14:56'),
       (4, 'Alex Anderson', 'Businessman', '\"Amazing variety and time-saving collections!\"', 5, '2025-02-09 11:48:48',
        '2025-02-11 10:14:56'),
       (5, 'Alex Anderson', 'Businessman', '\"Amazing variety and time-saving collections!\"', 4, '2025-02-09 11:48:48',
        '2025-02-11 10:14:56');

INSERT INTO `trusted_brands` (`id`, `title`, `created_at`, `updated_at`)
VALUES (1, 'Company', '2025-02-09 11:57:22', '2025-02-09 11:57:22'),
       (2, 'Company', '2025-02-09 11:57:22', '2025-02-09 11:57:22'),
       (3, 'Company', '2025-02-09 11:57:22', '2025-02-09 11:57:22'),
       (4, 'Company', '2025-02-09 11:57:22', '2025-02-09 11:57:22'),
       (5, 'Company', '2025-02-09 11:57:22', '2025-02-09 11:57:22');

INSERT INTO `users` (`id`, `uuid`, `name`, `email`, `slug`, `email_verified_at`, `password`, `contact_number`,
                     `address`, `cover_image_id`, `remember_token`, `created_at`, `updated_at`, `deleted_at`)
VALUES (1, '24f60b6c-ccda-4a96-b422-f66edf12f637', 'Administrator', 'admin@gmail.com', 'administrator', NULL,
        '$2y$10$eRCGmngwpPGwKDvwpDM8lepVfWwWGQMALGC0l2uOpqketcSoboO0m', '01990000000', 'Khulna', NULL, NULL,
        '2022-11-14 16:30:15', '2025-02-08 06:29:25', NULL);

INSERT INTO `file_managers` (`id`, `file_type`, `storage_type`, `original_name`, `file_name`, `user_id`, `path`,
                             `extension`, `size`, `external_link`, `origin_type`, `origin_id`, `deleted_at`,
                             `created_at`, `updated_at`)
VALUES (1, 'image/png', 'public', 'Logo-black.png', '7661738821579.png', 1, 'uploads/Setting/7661738821579.png', 'png',
        '74392', NULL, NULL, NULL, NULL, '2025-02-06 05:59:39', '2025-02-06 05:59:39'),
       (2, 'image/png', 'public', 'logo_white.png', '7661738821572.png', 1, 'uploads/Setting/7661738821572.png', 'png',
        '74392', NULL, NULL, NULL, NULL, '2025-02-06 05:59:39', '2025-02-06 05:59:39'),
       (3, 'image/png', 'public', 'banner.png', '2411738821589.png', 1, 'uploads/Setting/2411738821589.png', 'png',
        '2663', NULL, NULL, NULL, NULL, '2025-02-06 05:59:49', '2025-02-06 05:59:49');

INSERT INTO `why_us_points` (`id`, `title`, `created_at`, `updated_at`)
VALUES (1, 'Powerful Search', '2025-02-06 13:09:37', '2025-02-06 13:13:37'),
       (2, 'Affordable Price', '2025-02-06 13:12:27', '2025-02-06 13:13:37'),
       (3, 'Worry Free License', '2025-02-06 13:12:27', '2025-02-06 13:13:37'),
       (4, '$56.000 Transaction', '2025-02-06 13:12:27', '2025-02-06 13:13:37'),
       (5, '1.6K Total Users', '2025-02-06 13:13:37', '2025-02-06 13:13:37'),
       (6, '10K+ Total Product', '2025-02-06 13:13:37', '2025-02-06 13:13:37'),
       (7, '6K Downloads', '2025-02-06 13:13:37', '2025-02-06 13:13:37');
